<PDFFiles>
  <PDFFile filepath="d:\def\umb_nb_1.pdf" filename="">
    <Pages>
      <Page pagenumber="1">
        <Coordinates x1="302" y1="110" x2="472" y2="137"/>
      </Page>
      <Page pagenumber="3">
        <Coordinates x1="286" y1="48" x2="471" y2="70"/>
        <Coordinates x1="215" y1="1532" x2="350" y2="1585"/>
        <Coordinates x1="220" y1="446" x2="356" y2="490"/>
        <Coordinates x1="220" y1="475" x2="356" y2="522"/>
        <Coordinates x1="180" y1="1349" x2="306" y2="1381"/>
      </Page>
      <Page pagenumber="4">
        <Coordinates x1="385" y1="16" x2="516" y2="50"/>
        <Coordinates x1="520" y1="280" x2="792" y2="311"/>
        <Coordinates x1="520" y1="542" x2="790" y2="575"/>
        <Coordinates x1="520" y1="800" x2="790" y2="835"/>
        <Coordinates x1="520" y1="1064" x2="790" y2="1098"/>
        <Coordinates x1="520" y1="1325" x2="790" y2="1355"/>
      </Page>
    </Pages>
  </PDFFile>
  <PDFFile filepath="d:\def\umb_nb_2.pdf" filename="">
    <Pages>
      <Page pagenumber="3">
        <Coordinates x1="180" y1="1349" x2="306" y2="1381"/>
      </Page>
    </Pages>
  </PDFFile>
  <PDFFile filepath="d:\def\umb_nb_3.pdf" filename="">
    <Pages>
      <Page pagenumber="3">
        <Coordinates x1="180" y1="1349" x2="306" y2="1381"/>
      </Page>
    </Pages>
  </PDFFile>
  <PDFFile filepath="d:\def\umb_nb_4.pdf" filename="">
    <Pages>
      <Page pagenumber="3">
        <Coordinates x1="180" y1="1349" x2="306" y2="1381"/>
      </Page>
    </Pages>
  </PDFFile>
  <PDFFile filepath="d:\def\umb_nb_5.pdf" filename="">
    <Pages>
      <Page pagenumber="3">
        <Coordinates x1="180" y1="1349" x2="306" y2="1381"/>
      </Page>
    </Pages>
  </PDFFile>

  <PDFFile filepath="d:\def\umb_short_01.pdf" filename="">
    <Pages>
      <Page pagenumber="1">
        <Coordinates x1="352" y1="109" x2="473" y2="140"/>
      </Page>
      <Page pagenumber="3">
        <Coordinates x1="330" y1="42" x2="451" y2="73"/>
        <Coordinates x1="316" y1="285" x2="392" y2="310"/>
        <Coordinates x1="317" y1="342" x2="511" y2="419"/>
        <Coordinates x1="220" y1="455" x2="344" y2="511"/>
        <Coordinates x1="782" y1="1165" x2="850" y2="1190"/>
        <Coordinates x1="176" y1="1341" x2="299" y2="1372"/>
      </Page>
      <Page pagenumber="4">
        <Coordinates x1="385" y1="10" x2="508" y2="39"/>
        <Coordinates x1="513" y1="241" x2="593" y2="268"/>
        <Coordinates x1="508" y1="273" x2="776" y2="302"/>
        <Coordinates x1="514" y1="501" x2="604" y2="528"/>
        <Coordinates x1="512" y1="534" x2="772" y2="563"/>
      </Page>
      <Page pagenumber="5">
        <Coordinates x1="337" y1="72" x2="459" y2="101"/>
        <Coordinates x1="939" y1="618" x2="983" y2="641"/>
        <Coordinates x1="937" y1="1237" x2="981" y2="1263"/>
        <Coordinates x1="938" y1="1303" x2="981" y2="1330"/>
        <Coordinates x1="936" y1="1376" x2="984" y2="1399"/>
      </Page>
      <Page pagenumber="6">
        <Coordinates x1="339" y1="72" x2="457" y2="97"/>
        <Coordinates x1="369" y1="626" x2="537" y2="652"/>
        <Coordinates x1="935" y1="625" x2="983" y2="649"/>
      </Page>
      <Page pagenumber="7">
        <Coordinates x1="347" y1="112" x2="468" y2="140"/>
      </Page>
      <Page pagenumber="25">
        <Coordinates x1="347" y1="112" x2="467" y2="138"/>
      </Page>
      <Page pagenumber="26">
        <Coordinates x1="352" y1="112" x2="473" y2="136"/>
      </Page>
      <Page pagenumber="28">
        <Coordinates x1="350" y1="109" x2="470" y2="135"/>
      </Page>
      <Page pagenumber="29">
        <Coordinates x1="352" y1="114" x2="471" y2="140"/>
      </Page>
      <Page pagenumber="30">
        <Coordinates x1="354" y1="109" x2="474" y2="139"/>
      </Page>
      <Page pagenumber="31">
        <Coordinates x1="350" y1="112" x2="472" y2="141"/>
      </Page>
      <Page pagenumber="33">
        <Coordinates x1="351" y1="110" x2="470" y2="137"/>
      </Page>
      <Page pagenumber="34">
        <Coordinates x1="348" y1="111" x2="470" y2="137"/>
      </Page>
      <Page pagenumber="35">
        <Coordinates x1="195" y1="154" x2="270" y2="178"/>
        <Coordinates x1="208" y1="180" x2="328" y2="201"/>
        <Coordinates x1="265" y1="203" x2="442" y2="229"/>
      </Page>
      <Page pagenumber="36">
        <Coordinates x1="197" y1="154" x2="264" y2="177"/>
        <Coordinates x1="208" y1="180" x2="323" y2="200"/>
        <Coordinates x1="267" y1="203" x2="438" y2="231"/>
      </Page>
      <Page pagenumber="37">
        <Coordinates x1="197" y1="154" x2="263" y2="175"/>
        <Coordinates x1="208" y1="180" x2="326" y2="200"/>
        <Coordinates x1="267" y1="203" x2="449" y2="228"/>
      </Page>
      <Page pagenumber="38">
        <Coordinates x1="195" y1="154" x2="262" y2="177"/>
        <Coordinates x1="208" y1="180" x2="321" y2="200"/>
        <Coordinates x1="319" y1="204" x2="437" y2="230"/>
      </Page>
      <Page pagenumber="41">
        <Coordinates x1="198" y1="121" x2="263" y2="144"/>
        <Coordinates x1="210" y1="148" x2="302" y2="168"/>
        <Coordinates x1="321" y1="169" x2="439" y2="192"/>
      </Page>
      <Page pagenumber="42">
        <Coordinates x1="188" y1="109" x2="252" y2="131"/>
        <Coordinates x1="197" y1="134" x2="311" y2="156"/>
        <Coordinates x1="309" y1="159" x2="426" y2="180"/>
      </Page>
      <Page pagenumber="44">
        <Coordinates x1="198" y1="187" x2="261" y2="209"/>
        <Coordinates x1="208" y1="212" x2="323" y2="231"/>
        <Coordinates x1="318" y1="235" x2="437" y2="258"/>
      </Page>
      <Page pagenumber="46">
        <Coordinates x1="352" y1="110" x2="475" y2="141"/>
        <Coordinates x1="381" y1="226" x2="693" y2="281"/>
      </Page>
      <Page pagenumber="47">
        <Coordinates x1="345" y1="109" x2="467" y2="140"/>
      </Page>
      <Page pagenumber="49">
        <Coordinates x1="345" y1="132" x2="465" y2="160"/>
        <Coordinates x1="292" y1="182" x2="604" y2="230"/>
      </Page>
      <Page pagenumber="50">
        <Coordinates x1="347" y1="136" x2="473" y2="167"/>
        <Coordinates x1="205" y1="226" x2="511" y2="284"/>
      </Page>
      <Page pagenumber="51">
        <Coordinates x1="348" y1="133" x2="469" y2="161"/>
        <Coordinates x1="212" y1="228" x2="527" y2="274"/>
      </Page>
      <Page pagenumber="53">
        <Coordinates x1="347" y1="133" x2="468" y2="164"/>
        <Coordinates x1="408" y1="175" x2="715" y2="224"/>
        <Coordinates x1="141" y1="544" x2="272" y2="568"/>
      </Page>
    </Pages>
  </PDFFile>
  <PDFFile filepath="d:\def\umb_short_02.pdf" filename="">
    <Pages>
      <Page pagenumber="1">
        <Coordinates x1="352" y1="109" x2="473" y2="140"/>
      </Page>
      <Page pagenumber="3">
        <Coordinates x1="330" y1="42" x2="451" y2="73"/>
        <Coordinates x1="316" y1="285" x2="392" y2="310"/>
        <Coordinates x1="317" y1="342" x2="511" y2="419"/>
        <Coordinates x1="220" y1="455" x2="344" y2="511"/>
        <Coordinates x1="782" y1="1165" x2="850" y2="1190"/>
        <Coordinates x1="176" y1="1341" x2="299" y2="1372"/>
      </Page>
      <Page pagenumber="4">
        <Coordinates x1="385" y1="10" x2="508" y2="39"/>
        <Coordinates x1="513" y1="241" x2="593" y2="268"/>
        <Coordinates x1="508" y1="273" x2="776" y2="302"/>
        <Coordinates x1="514" y1="501" x2="604" y2="528"/>
        <Coordinates x1="512" y1="534" x2="772" y2="563"/>
      </Page>
      <Page pagenumber="5">
        <Coordinates x1="337" y1="72" x2="459" y2="101"/>
        <Coordinates x1="939" y1="618" x2="983" y2="641"/>
        <Coordinates x1="937" y1="1237" x2="981" y2="1263"/>
        <Coordinates x1="938" y1="1303" x2="981" y2="1330"/>
        <Coordinates x1="936" y1="1376" x2="984" y2="1399"/>
      </Page>
      <Page pagenumber="6">
        <Coordinates x1="339" y1="72" x2="457" y2="97"/>
        <Coordinates x1="369" y1="626" x2="537" y2="652"/>
        <Coordinates x1="935" y1="625" x2="983" y2="649"/>
      </Page>
      <Page pagenumber="7">
        <Coordinates x1="347" y1="112" x2="468" y2="140"/>
      </Page>
      <Page pagenumber="25">
        <Coordinates x1="347" y1="112" x2="467" y2="138"/>
      </Page>
      <Page pagenumber="26">
        <Coordinates x1="352" y1="112" x2="473" y2="136"/>
      </Page>
      <Page pagenumber="28">
        <Coordinates x1="350" y1="109" x2="470" y2="135"/>
      </Page>
      <Page pagenumber="29">
        <Coordinates x1="352" y1="114" x2="471" y2="140"/>
      </Page>
      <Page pagenumber="30">
        <Coordinates x1="354" y1="109" x2="474" y2="139"/>
      </Page>
      <Page pagenumber="31">
        <Coordinates x1="350" y1="112" x2="472" y2="141"/>
      </Page>
      <Page pagenumber="33">
        <Coordinates x1="351" y1="110" x2="470" y2="137"/>
      </Page>
      <Page pagenumber="34">
        <Coordinates x1="348" y1="111" x2="470" y2="137"/>
      </Page>
      <Page pagenumber="35">
        <Coordinates x1="195" y1="154" x2="270" y2="178"/>
        <Coordinates x1="208" y1="180" x2="328" y2="201"/>
        <Coordinates x1="265" y1="203" x2="442" y2="229"/>
      </Page>
      <Page pagenumber="36">
        <Coordinates x1="197" y1="154" x2="264" y2="177"/>
        <Coordinates x1="208" y1="180" x2="323" y2="200"/>
        <Coordinates x1="267" y1="203" x2="438" y2="231"/>
      </Page>
      <Page pagenumber="37">
        <Coordinates x1="197" y1="154" x2="263" y2="175"/>
        <Coordinates x1="208" y1="180" x2="326" y2="200"/>
        <Coordinates x1="267" y1="203" x2="449" y2="228"/>
      </Page>
      <Page pagenumber="38">
        <Coordinates x1="195" y1="154" x2="262" y2="177"/>
        <Coordinates x1="208" y1="180" x2="321" y2="200"/>
        <Coordinates x1="319" y1="204" x2="437" y2="230"/>
      </Page>
      <Page pagenumber="41">
        <Coordinates x1="198" y1="121" x2="263" y2="144"/>
        <Coordinates x1="210" y1="148" x2="302" y2="168"/>
        <Coordinates x1="321" y1="169" x2="439" y2="192"/>
      </Page>
      <Page pagenumber="42">
        <Coordinates x1="188" y1="109" x2="252" y2="131"/>
        <Coordinates x1="197" y1="134" x2="311" y2="156"/>
        <Coordinates x1="309" y1="159" x2="426" y2="180"/>
      </Page>
      <Page pagenumber="44">
        <Coordinates x1="198" y1="187" x2="261" y2="209"/>
        <Coordinates x1="208" y1="212" x2="323" y2="231"/>
        <Coordinates x1="318" y1="235" x2="437" y2="258"/>
      </Page>
      <Page pagenumber="46">
        <Coordinates x1="352" y1="110" x2="475" y2="141"/>
        <Coordinates x1="381" y1="226" x2="693" y2="281"/>
      </Page>
      <Page pagenumber="47">
        <Coordinates x1="345" y1="109" x2="467" y2="140"/>
      </Page>
      <Page pagenumber="49">
        <Coordinates x1="345" y1="132" x2="465" y2="160"/>
        <Coordinates x1="292" y1="182" x2="604" y2="230"/>
      </Page>
      <Page pagenumber="50">
        <Coordinates x1="347" y1="136" x2="473" y2="167"/>
        <Coordinates x1="205" y1="226" x2="511" y2="284"/>
      </Page>
      <Page pagenumber="51">
        <Coordinates x1="348" y1="133" x2="469" y2="161"/>
        <Coordinates x1="212" y1="228" x2="527" y2="274"/>
      </Page>
      <Page pagenumber="53">
        <Coordinates x1="347" y1="133" x2="468" y2="164"/>
        <Coordinates x1="408" y1="175" x2="715" y2="224"/>
        <Coordinates x1="141" y1="544" x2="272" y2="568"/>
      </Page>
    </Pages>
  </PDFFile>
  <PDFFile filepath="d:\def\umb_short_03.pdf" filename="">
    <Pages>
      <Page pagenumber="1">
        <Coordinates x1="352" y1="109" x2="473" y2="140"/>
      </Page>
      <Page pagenumber="3">
        <Coordinates x1="330" y1="42" x2="451" y2="73"/>
        <Coordinates x1="316" y1="285" x2="392" y2="310"/>
        <Coordinates x1="317" y1="342" x2="511" y2="419"/>
        <Coordinates x1="220" y1="455" x2="344" y2="511"/>
        <Coordinates x1="782" y1="1165" x2="850" y2="1190"/>
        <Coordinates x1="176" y1="1341" x2="299" y2="1372"/>
      </Page>
      <Page pagenumber="4">
        <Coordinates x1="385" y1="10" x2="508" y2="39"/>
        <Coordinates x1="513" y1="241" x2="593" y2="268"/>
        <Coordinates x1="508" y1="273" x2="776" y2="302"/>
        <Coordinates x1="514" y1="501" x2="604" y2="528"/>
        <Coordinates x1="512" y1="534" x2="772" y2="563"/>
      </Page>
      <Page pagenumber="5">
        <Coordinates x1="337" y1="72" x2="459" y2="101"/>
        <Coordinates x1="939" y1="618" x2="983" y2="641"/>
        <Coordinates x1="937" y1="1237" x2="981" y2="1263"/>
        <Coordinates x1="938" y1="1303" x2="981" y2="1330"/>
        <Coordinates x1="936" y1="1376" x2="984" y2="1399"/>
      </Page>
      <Page pagenumber="6">
        <Coordinates x1="339" y1="72" x2="457" y2="97"/>
        <Coordinates x1="369" y1="626" x2="537" y2="652"/>
        <Coordinates x1="935" y1="625" x2="983" y2="649"/>
      </Page>
      <Page pagenumber="7">
        <Coordinates x1="347" y1="112" x2="468" y2="140"/>
      </Page>
      <Page pagenumber="25">
        <Coordinates x1="347" y1="112" x2="467" y2="138"/>
      </Page>
      <Page pagenumber="26">
        <Coordinates x1="352" y1="112" x2="473" y2="136"/>
      </Page>
      <Page pagenumber="28">
        <Coordinates x1="350" y1="109" x2="470" y2="135"/>
      </Page>
      <Page pagenumber="29">
        <Coordinates x1="352" y1="114" x2="471" y2="140"/>
      </Page>
      <Page pagenumber="30">
        <Coordinates x1="354" y1="109" x2="474" y2="139"/>
      </Page>
      <Page pagenumber="31">
        <Coordinates x1="350" y1="112" x2="472" y2="141"/>
      </Page>
      <Page pagenumber="33">
        <Coordinates x1="351" y1="110" x2="470" y2="137"/>
      </Page>
      <Page pagenumber="34">
        <Coordinates x1="348" y1="111" x2="470" y2="137"/>
      </Page>
      <Page pagenumber="35">
        <Coordinates x1="195" y1="154" x2="270" y2="178"/>
        <Coordinates x1="208" y1="180" x2="328" y2="201"/>
        <Coordinates x1="265" y1="203" x2="442" y2="229"/>
      </Page>
      <Page pagenumber="36">
        <Coordinates x1="197" y1="154" x2="264" y2="177"/>
        <Coordinates x1="208" y1="180" x2="323" y2="200"/>
        <Coordinates x1="267" y1="203" x2="438" y2="231"/>
      </Page>
      <Page pagenumber="37">
        <Coordinates x1="197" y1="154" x2="263" y2="175"/>
        <Coordinates x1="208" y1="180" x2="326" y2="200"/>
        <Coordinates x1="267" y1="203" x2="449" y2="228"/>
      </Page>
      <Page pagenumber="38">
        <Coordinates x1="195" y1="154" x2="262" y2="177"/>
        <Coordinates x1="208" y1="180" x2="321" y2="200"/>
        <Coordinates x1="319" y1="204" x2="437" y2="230"/>
      </Page>
      <Page pagenumber="41">
        <Coordinates x1="198" y1="121" x2="263" y2="144"/>
        <Coordinates x1="210" y1="148" x2="302" y2="168"/>
        <Coordinates x1="321" y1="169" x2="439" y2="192"/>
      </Page>
      <Page pagenumber="42">
        <Coordinates x1="188" y1="109" x2="252" y2="131"/>
        <Coordinates x1="197" y1="134" x2="311" y2="156"/>
        <Coordinates x1="309" y1="159" x2="426" y2="180"/>
      </Page>
      <Page pagenumber="44">
        <Coordinates x1="198" y1="187" x2="261" y2="209"/>
        <Coordinates x1="208" y1="212" x2="323" y2="231"/>
        <Coordinates x1="318" y1="235" x2="437" y2="258"/>
      </Page>
      <Page pagenumber="46">
        <Coordinates x1="352" y1="110" x2="475" y2="141"/>
        <Coordinates x1="381" y1="226" x2="693" y2="281"/>
      </Page>
      <Page pagenumber="47">
        <Coordinates x1="345" y1="109" x2="467" y2="140"/>
      </Page>
      <Page pagenumber="49">
        <Coordinates x1="345" y1="132" x2="465" y2="160"/>
        <Coordinates x1="292" y1="182" x2="604" y2="230"/>
      </Page>
      <Page pagenumber="50">
        <Coordinates x1="347" y1="136" x2="473" y2="167"/>
        <Coordinates x1="205" y1="226" x2="511" y2="284"/>
      </Page>
      <Page pagenumber="51">
        <Coordinates x1="348" y1="133" x2="469" y2="161"/>
        <Coordinates x1="212" y1="228" x2="527" y2="274"/>
      </Page>
      <Page pagenumber="53">
        <Coordinates x1="347" y1="133" x2="468" y2="164"/>
        <Coordinates x1="408" y1="175" x2="715" y2="224"/>
        <Coordinates x1="141" y1="544" x2="272" y2="568"/>
      </Page>
    </Pages>
  </PDFFile>
  <PDFFile filepath="d:\def\umb_short_04.pdf" filename="">
    <Pages>
      <Page pagenumber="1">
        <Coordinates x1="352" y1="109" x2="473" y2="140"/>
      </Page>
      <Page pagenumber="3">
        <Coordinates x1="330" y1="42" x2="451" y2="73"/>
        <Coordinates x1="316" y1="285" x2="392" y2="310"/>
        <Coordinates x1="317" y1="342" x2="511" y2="419"/>
        <Coordinates x1="220" y1="455" x2="344" y2="511"/>
        <Coordinates x1="782" y1="1165" x2="850" y2="1190"/>
        <Coordinates x1="176" y1="1341" x2="299" y2="1372"/>
      </Page>
      <Page pagenumber="4">
        <Coordinates x1="385" y1="10" x2="508" y2="39"/>
        <Coordinates x1="513" y1="241" x2="593" y2="268"/>
        <Coordinates x1="508" y1="273" x2="776" y2="302"/>
        <Coordinates x1="514" y1="501" x2="604" y2="528"/>
        <Coordinates x1="512" y1="534" x2="772" y2="563"/>
      </Page>
      <Page pagenumber="5">
        <Coordinates x1="337" y1="72" x2="459" y2="101"/>
        <Coordinates x1="939" y1="618" x2="983" y2="641"/>
        <Coordinates x1="937" y1="1237" x2="981" y2="1263"/>
        <Coordinates x1="938" y1="1303" x2="981" y2="1330"/>
        <Coordinates x1="936" y1="1376" x2="984" y2="1399"/>
      </Page>
      <Page pagenumber="6">
        <Coordinates x1="339" y1="72" x2="457" y2="97"/>
        <Coordinates x1="369" y1="626" x2="537" y2="652"/>
        <Coordinates x1="935" y1="625" x2="983" y2="649"/>
      </Page>
      <Page pagenumber="7">
        <Coordinates x1="347" y1="112" x2="468" y2="140"/>
      </Page>
      <Page pagenumber="25">
        <Coordinates x1="347" y1="112" x2="467" y2="138"/>
      </Page>
      <Page pagenumber="26">
        <Coordinates x1="352" y1="112" x2="473" y2="136"/>
      </Page>
      <Page pagenumber="28">
        <Coordinates x1="350" y1="109" x2="470" y2="135"/>
      </Page>
      <Page pagenumber="29">
        <Coordinates x1="352" y1="114" x2="471" y2="140"/>
      </Page>
      <Page pagenumber="30">
        <Coordinates x1="354" y1="109" x2="474" y2="139"/>
      </Page>
      <Page pagenumber="31">
        <Coordinates x1="350" y1="112" x2="472" y2="141"/>
      </Page>
      <Page pagenumber="33">
        <Coordinates x1="351" y1="110" x2="470" y2="137"/>
      </Page>
      <Page pagenumber="34">
        <Coordinates x1="348" y1="111" x2="470" y2="137"/>
      </Page>
      <Page pagenumber="35">
        <Coordinates x1="195" y1="154" x2="270" y2="178"/>
        <Coordinates x1="208" y1="180" x2="328" y2="201"/>
        <Coordinates x1="265" y1="203" x2="442" y2="229"/>
      </Page>
      <Page pagenumber="36">
        <Coordinates x1="197" y1="154" x2="264" y2="177"/>
        <Coordinates x1="208" y1="180" x2="323" y2="200"/>
        <Coordinates x1="267" y1="203" x2="438" y2="231"/>
      </Page>
      <Page pagenumber="37">
        <Coordinates x1="197" y1="154" x2="263" y2="175"/>
        <Coordinates x1="208" y1="180" x2="326" y2="200"/>
        <Coordinates x1="267" y1="203" x2="449" y2="228"/>
      </Page>
      <Page pagenumber="38">
        <Coordinates x1="195" y1="154" x2="262" y2="177"/>
        <Coordinates x1="208" y1="180" x2="321" y2="200"/>
        <Coordinates x1="319" y1="204" x2="437" y2="230"/>
      </Page>
      <Page pagenumber="41">
        <Coordinates x1="198" y1="121" x2="263" y2="144"/>
        <Coordinates x1="210" y1="148" x2="302" y2="168"/>
        <Coordinates x1="321" y1="169" x2="439" y2="192"/>
      </Page>
      <Page pagenumber="42">
        <Coordinates x1="188" y1="109" x2="252" y2="131"/>
        <Coordinates x1="197" y1="134" x2="311" y2="156"/>
        <Coordinates x1="309" y1="159" x2="426" y2="180"/>
      </Page>
      <Page pagenumber="44">
        <Coordinates x1="198" y1="187" x2="261" y2="209"/>
        <Coordinates x1="208" y1="212" x2="323" y2="231"/>
        <Coordinates x1="318" y1="235" x2="437" y2="258"/>
      </Page>
      <Page pagenumber="46">
        <Coordinates x1="352" y1="110" x2="475" y2="141"/>
        <Coordinates x1="381" y1="226" x2="693" y2="281"/>
      </Page>
      <Page pagenumber="47">
        <Coordinates x1="345" y1="109" x2="467" y2="140"/>
      </Page>
      <Page pagenumber="49">
        <Coordinates x1="345" y1="132" x2="465" y2="160"/>
        <Coordinates x1="292" y1="182" x2="604" y2="230"/>
      </Page>
      <Page pagenumber="50">
        <Coordinates x1="347" y1="136" x2="473" y2="167"/>
        <Coordinates x1="205" y1="226" x2="511" y2="284"/>
      </Page>
      <Page pagenumber="51">
        <Coordinates x1="348" y1="133" x2="469" y2="161"/>
        <Coordinates x1="212" y1="228" x2="527" y2="274"/>
      </Page>
      <Page pagenumber="53">
        <Coordinates x1="347" y1="133" x2="468" y2="164"/>
        <Coordinates x1="408" y1="175" x2="715" y2="224"/>
        <Coordinates x1="141" y1="544" x2="272" y2="568"/>
      </Page>
    </Pages>
  </PDFFile>
  <PDFFile filepath="d:\def\umb_short_05.pdf" filename="">
    <Pages>
      <Page pagenumber="1">
        <Coordinates x1="352" y1="109" x2="473" y2="140"/>
      </Page>
      <Page pagenumber="3">
        <Coordinates x1="330" y1="42" x2="451" y2="73"/>
        <Coordinates x1="316" y1="285" x2="392" y2="310"/>
        <Coordinates x1="317" y1="342" x2="560" y2="427"/>
        <Coordinates x1="220" y1="455" x2="344" y2="511"/>
        <Coordinates x1="782" y1="1165" x2="850" y2="1190"/>
        <Coordinates x1="176" y1="1341" x2="299" y2="1372"/>
      </Page>
      <Page pagenumber="4">
        <Coordinates x1="385" y1="10" x2="508" y2="39"/>
        <Coordinates x1="513" y1="241" x2="593" y2="268"/>
        <Coordinates x1="508" y1="273" x2="776" y2="302"/>
        <Coordinates x1="514" y1="501" x2="604" y2="528"/>
        <Coordinates x1="512" y1="534" x2="772" y2="563"/>
      </Page>
      <Page pagenumber="5">
        <Coordinates x1="337" y1="72" x2="459" y2="101"/>
        <Coordinates x1="939" y1="618" x2="983" y2="641"/>
        <Coordinates x1="937" y1="1237" x2="981" y2="1263"/>
        <Coordinates x1="938" y1="1303" x2="981" y2="1330"/>
        <Coordinates x1="936" y1="1376" x2="984" y2="1399"/>
      </Page>
      <Page pagenumber="6">
        <Coordinates x1="339" y1="72" x2="457" y2="97"/>
        <Coordinates x1="369" y1="626" x2="537" y2="652"/>
        <Coordinates x1="935" y1="625" x2="983" y2="649"/>
      </Page>
      <Page pagenumber="7">
        <Coordinates x1="347" y1="112" x2="468" y2="140"/>
      </Page>
      <Page pagenumber="25">
        <Coordinates x1="347" y1="112" x2="467" y2="138"/>
      </Page>
      <Page pagenumber="26">
        <Coordinates x1="352" y1="112" x2="473" y2="136"/>
      </Page>
      <Page pagenumber="28">
        <Coordinates x1="350" y1="109" x2="470" y2="135"/>
      </Page>
      <Page pagenumber="29">
        <Coordinates x1="352" y1="114" x2="471" y2="140"/>
      </Page>
      <Page pagenumber="30">
        <Coordinates x1="354" y1="109" x2="474" y2="139"/>
      </Page>
      <Page pagenumber="31">
        <Coordinates x1="350" y1="112" x2="472" y2="141"/>
      </Page>
      <Page pagenumber="33">
        <Coordinates x1="351" y1="110" x2="470" y2="137"/>
      </Page>
      <Page pagenumber="34">
        <Coordinates x1="348" y1="111" x2="470" y2="137"/>
      </Page>
      <Page pagenumber="35">
        <Coordinates x1="195" y1="154" x2="270" y2="178"/>
        <Coordinates x1="208" y1="180" x2="328" y2="201"/>
        <Coordinates x1="265" y1="203" x2="442" y2="229"/>
      </Page>
      <Page pagenumber="36">
        <Coordinates x1="197" y1="154" x2="332" y2="184"/>
        <Coordinates x1="208" y1="180" x2="323" y2="200"/>
        <Coordinates x1="267" y1="203" x2="438" y2="231"/>
      </Page>
      <Page pagenumber="37">
        <Coordinates x1="197" y1="154" x2="340" y2="186"/>
        <Coordinates x1="208" y1="180" x2="326" y2="200"/>
        <Coordinates x1="267" y1="203" x2="449" y2="228"/>
      </Page>
      <Page pagenumber="38">
        <Coordinates x1="195" y1="154" x2="340" y2="186"/>
        <Coordinates x1="208" y1="180" x2="321" y2="200"/>
        <Coordinates x1="319" y1="204" x2="437" y2="230"/>
      </Page>
      <Page pagenumber="41">
        <Coordinates x1="198" y1="121" x2="340" y2="186"/>
        <Coordinates x1="210" y1="148" x2="302" y2="168"/>
        <Coordinates x1="321" y1="169" x2="439" y2="192"/>
      </Page>
      <Page pagenumber="42">
        <Coordinates x1="188" y1="109" x2="340" y2="186"/>
        <Coordinates x1="197" y1="134" x2="311" y2="156"/>
        <Coordinates x1="309" y1="159" x2="426" y2="180"/>
      </Page>
      <Page pagenumber="44">
        <Coordinates x1="198" y1="187" x2="340" y2="186"/>
        <Coordinates x1="208" y1="212" x2="323" y2="231"/>
        <Coordinates x1="318" y1="235" x2="437" y2="258"/>
      </Page>
      <Page pagenumber="46">
        <Coordinates x1="352" y1="110" x2="475" y2="141"/>
        <Coordinates x1="381" y1="226" x2="693" y2="281"/>
      </Page>
      <Page pagenumber="47">
        <Coordinates x1="345" y1="109" x2="467" y2="140"/>
      </Page>
      <Page pagenumber="49">
        <Coordinates x1="345" y1="132" x2="465" y2="160"/>
        <Coordinates x1="292" y1="182" x2="604" y2="230"/>
      </Page>
      <Page pagenumber="50">
        <Coordinates x1="347" y1="136" x2="473" y2="167"/>
        <Coordinates x1="205" y1="226" x2="511" y2="284"/>
      </Page>
      <Page pagenumber="51">
        <Coordinates x1="348" y1="133" x2="469" y2="161"/>
        <Coordinates x1="212" y1="228" x2="527" y2="274"/>
      </Page>
      <Page pagenumber="53">
        <Coordinates x1="347" y1="133" x2="468" y2="164"/>
        <Coordinates x1="408" y1="175" x2="715" y2="224"/>
        <Coordinates x1="141" y1="544" x2="272" y2="568"/>
      </Page>
    </Pages>
  </PDFFile>
</PDFFiles>